{"cameraMode":{"drawMode":0,"name":"Shaded","section":"Shading Mode"},"sceneLighting":true,"audioPlay":false,"sceneViewState":{"showFog":true,"showMaterialUpdate":false,"showSkybox":true,"showFlares":true,"showImageEffects":true,"showParticleSystems":true},"in2DMode":false,"pivot":{"x":3.797905445098877,"y":0.2384033203125,"z":0.08709716796875},"rotation":{"x":-0.15649668872356416,"y":-0.06989064067602158,"z":0.01091163419187069,"w":-0.9853092432022095},"size":3.592665433883667,"orthographic":true}