{"cameraMode":{"drawMode":0,"name":"Shaded","section":"Shading Mode"},"sceneLighting":true,"audioPlay":false,"sceneViewState":{"showFog":true,"showMaterialUpdate":true,"showSkybox":true,"showFlares":true,"showImageEffects":true,"showParticleSystems":true},"in2DMode":false,"pivot":{"x":2.022062063217163,"y":-0.42608642578125,"z":0.8461167216300964},"rotation":{"x":0.3725621700286865,"y":-0.023660579696297647,"z":0.00950295478105545,"w":0.9276585578918457},"size":3.0180649757385256,"orthographic":true}