{"cameraMode":{"drawMode":0,"name":"Shaded","section":"Shading Mode"},"sceneLighting":true,"audioPlay":false,"sceneViewState":{"showFog":true,"showMaterialUpdate":false,"showSkybox":true,"showFlares":true,"showImageEffects":true,"showParticleSystems":true},"in2DMode":false,"pivot":{"x":-0.080230712890625,"y":0.099395751953125,"z":-0.12774658203125},"rotation":{"x":-0.2225494384765625,"y":-0.13453444838523866,"z":0.030246883630752565,"w":-0.9652361273765564},"size":1.6220346689224244,"orthographic":true}