{"cameraMode":{"drawMode":0,"name":"Shaded","section":"Shading Mode"},"sceneLighting":true,"audioPlay":false,"sceneViewState":{"showFog":true,"showMaterialUpdate":true,"showSkybox":true,"showFlares":true,"showImageEffects":true,"showParticleSystems":true},"in2DMode":false,"pivot":{"x":1.4777069091796876,"y":-0.64239501953125,"z":0.37046676874160769},"rotation":{"x":0.5158297419548035,"y":-0.03211011737585068,"z":0.019352935254573823,"w":0.8558732271194458},"size":1.619673252105713,"orthographic":true}