{"cameraMode":{"drawMode":0,"name":"Shaded","section":"Shading Mode"},"sceneLighting":true,"audioPlay":false,"sceneViewState":{"showFog":true,"showMaterialUpdate":false,"showSkybox":true,"showFlares":true,"showImageEffects":true,"showParticleSystems":true},"in2DMode":false,"pivot":{"x":2.296349048614502,"y":0.6202392578125,"z":0.51678466796875},"rotation":{"x":-0.30699771642684939,"y":0.0096773412078619,"z":-0.003278173739090562,"w":-0.951830267906189},"size":5.1891093254089359,"orthographic":true}