{"cameraMode":{"drawMode":0,"name":"Shaded","section":"Shading Mode"},"sceneLighting":true,"audioPlay":false,"sceneViewState":{"showFog":true,"showMaterialUpdate":true,"showSkybox":true,"showFlares":true,"showImageEffects":true,"showParticleSystems":true},"in2DMode":false,"pivot":{"x":0.3011474609375,"y":-0.4488525390625,"z":1.501220703125},"rotation":{"x":-0.2835334539413452,"y":-0.06384621560573578,"z":0.01784219779074192,"w":-0.9568744897842407},"size":1.382388710975647,"orthographic":true}